{"cameraMode":{"drawMode":0,"name":"Shaded","section":"Shading Mode"},"sceneLighting":true,"audioPlay":false,"sceneViewState":{"m_AlwaysRefresh":false,"showFog":true,"showSkybox":true,"showFlares":true,"showImageEffects":true,"showParticleSystems":true,"showVisualEffectGraphs":true,"m_FxEnabled":true},"in2DMode":false,"pivot":{"x":0.7529442310333252,"y":1.7476228475570679,"z":-0.02167987823486328},"rotation":{"x":0.10427838563919068,"y":0.09977840632200241,"z":-0.01051541417837143,"w":0.9894750118255615},"size":7.577023983001709,"orthographic":false}