{"cameraMode":{"drawMode":0,"name":"Shaded","section":"Shading Mode"},"sceneLighting":true,"audioPlay":false,"sceneViewState":{"m_AlwaysRefresh":false,"showFog":true,"showSkybox":true,"showFlares":true,"showImageEffects":true,"showParticleSystems":true,"showVisualEffectGraphs":true,"m_FxEnabled":true},"in2DMode":false,"pivot":{"x":-0.9654902219772339,"y":0.19074948132038117,"z":0.5622897148132324},"rotation":{"x":-0.15113288164138795,"y":-0.034988127648830417,"z":0.005353019572794437,"w":-0.9878814220428467},"size":2.315783977508545,"orthographic":false}