{"cameraMode":{"drawMode":0,"name":"Shaded","section":"Shading Mode"},"sceneLighting":true,"audioPlay":false,"sceneViewState":{"m_AlwaysRefresh":false,"showFog":true,"showSkybox":true,"showFlares":true,"showImageEffects":true,"showParticleSystems":true,"showVisualEffectGraphs":true,"m_FxEnabled":true},"in2DMode":false,"pivot":{"x":-1.2922042608261109,"y":3.0933804512023927,"z":-7.229111194610596},"rotation":{"x":-0.22483043372631074,"y":-0.0184177216142416,"z":0.004250462166965008,"w":-0.9742164611816406},"size":2.962509870529175,"orthographic":false}